OBJECT_NAME,OBJECT_ID,EPOCH,MEAN_MOTION,ECCENTRICITY,INCLINATION,RA_OF_ASC_NODE,ARG_OF_PERICENTER,MEAN_ANOMALY,EPHEMERIS_TYPE,CLASSIFICATION_TYPE,NORAD_CAT_ID,ELEMENT_SET_NO,REV_AT_EPOCH,BSTAR,MEAN_MOTION_DOT,MEAN_MOTION_DDOT
SCD 1,1993-009B,2026-09-12T19:41:10.127040,14.46148282,.00419085,24.9708,26.4799,345.8541,145.2976,0,U,22490,999,77381,.33233652E-4,.307E-5,0
TECHSAT 1B (GO-32),1998-043D,2026-09-12T22:30:35.450784,14.24442506,.00011218,99.0150,250.9421,17.3116,342.8100,0,U,25397,999,46382,.29687198E-4,.22E-6,0
SCD 2,1998-060A,2026-09-12T17:24:16.748640,14.45551819,.0016587,24.9946,252.3043,329.1483,192.1712,0,U,25504,999,47300,.43147862E-4,.337E-5,0
DLR-TUBSAT,1999-029B,2026-09-12T22:06:49.074048,14.52444508,.00153709,98.6766,254.3426,84.0483,276.2463,0,U,25757,999,44598,.19596214E-4,.31E-6,0
TERRA,1999-068A,2026-09-12T22:54:38.677248,14.61159073,.00014982,97.9373,301.9857,350.6791,109.9110,0,U,25994,999,42242,.56385252E-4,.233E-5,0
MAROC-TUBSAT,2001-056D,2026-09-12T18:11:52.130400,13.70265541,.00190504,99.8135,74.2989,279.2562,94.3391,0,U,27004,999,23818,.8871086E-5,-.39E-6,0
AQUA,2002-022A,2026-09-12T22:04:56.577792,14.62199198,.00016214,98.4386,227.0016,69.3992,347.8923,0,U,27424,999,29609,.11268935E-3,.518E-5,0
SHIYAN-1 (SY-1),2004-012A,2026-09-12T16:15:16.184160,15.35818009,.00064037,97.8645,339.5430,75.0961,285.0991,0,U,28220,999,22451,.31924444E-3,.11047E-3,0
AURA,2004-026A,2026-09-12T21:35:50.966016,14.61438049,.00015304,98.3510,213.1229,70.1356,290.0009,0,U,28376,999,17902,.11488155E-3,.52E-5,0
IRS-P5 (CARTOSAT-1),2005-017A,2026-09-12T23:37:50.226240,14.91235841,.00025364,97.5294,275.0692,105.0658,255.0842,0,U,28649,999,15690,.88426666E-4,.827E-5,0
SINAH 1,2005-043D,2026-09-12T22:29:05.215488,14.64207982,.00144718,98.2985,30.8358,6.8134,353.3262,0,U,28893,999,11336,.45899833E-4,.192E-5,0
RESURS-DK 1,2006-021A,2026-09-12T22:39:16.718400,15.13507083,.00054809,69.9301,112.3327,215.6720,144.4081,0,U,29228,999,11585,.92767025E-4,.1556E-4,0
ARIRANG-2 (KOMPSAT-2),2006-031A,2026-09-12T23:02:51.477792,14.64703255,.00149294,97.8331,76.1844,150.0075,11.2074,0,U,29268,999,7432,.16997871E-4,.46E-6,0
LAPAN-TUBSAT,2007-001A,2026-09-12T23:50:26.444832,14.86025432,.00106916,98.1397,257.2272,260.1300,99.8708,0,U,29709,999,6419,.1940572E-4,.112E-5,0
HAIYANG-1B,2007-010A,2026-09-12T21:27:15.766272,14.31045235,.00125216,98.3602,234.3791,305.2219,54.7792,0,U,31113,999,1318,.32723243E-4,.44E-6,0
COSMO-SKYMED 1,2007-023A,2026-09-12T22:45:49.771872,14.97435686,.00016047,97.8833,88.5656,93.3033,266.8372,0,U,31598,999,4292,.18280275E-3,.2067E-4,0
TERRASAR-X,2007-026A,2026-09-12T11:12:48.811104,15.19150191,.00018727,97.4468,261.9386,83.5751,276.5697,0,U,31698,999,6647,.8094087E-5,.103E-5,0
WORLDVIEW-1 (WV-1),2007-041A,2026-09-12T22:06:42.297696,15.24590218,.00019843,97.3872,14.4108,93.7702,266.3762,0,U,32060,999,5624,.18291191E-3,.4437E-4,0
YAOGAN-3,2007-055A,2026-09-12T23:30:01.173600,14.91057655,.00018736,97.8114,284.9870,91.5831,268.5602,0,U,32289,999,1895,.18733494E-3,.1799E-4,0
COSMO-SKYMED 2,2007-059A,2026-09-12T23:48:52.565184,14.82148365,.00013403,97.8915,78.3384,89.8977,270.2390,0,U,32376,999,1501,.36297023E-4,.237E-5,0
RADARSAT-2,2007-061A,2026-09-12T23:47:21.566112,14.29982306,.0001261,98.5813,261.6832,82.7355,277.3971,0,U,32382,999,97850,.47802947E-4,.8E-6,0
CARTOSAT-2A,2008-021A,2026-09-12T21:54:14.554080,14.79326911,.0011574,97.7556,301.5938,179.0265,181.0971,0,U,32783,999,99177,.89379283E-4,.616E-5,0
HUANJING 1A (HJ-1A),2008-041A,2026-09-12T22:50:03.024096,14.84156248,.00179279,97.6773,238.4476,206.5877,153.4420,0,U,33320,999,97142,.36871024E-4,.257E-5,0
HUANJING 1B (HJ-1B),2008-041B,2026-09-12T23:04:02.000928,14.83457496,.00346149,97.6605,241.3586,255.2402,104.4976,0,U,33321,999,97142,.25896816E-4,.162E-5,0
GEOEYE 1,2008-042A,2026-09-12T22:29:50.046720,14.64688757,.00055259,98.1267,328.8120,131.5811,228.5866,0,U,33331,999,96299,.58505955E-4,.264E-5,0
THEOS,2008-049A,2026-09-12T21:32:15.385056,14.20142448,.00013452,98.5491,310.2958,89.2470,270.8861,0,U,33396,999,93041,.11279222E-4,-.18E-6,0
COSMO-SKYMED 3,2008-054A,2026-09-12T21:51:11.647008,15.07416378,.00149732,97.8147,115.9157,334.4316,25.6169,0,U,33412,999,97015,.11947393E-3,.1747E-4,0
YAOGAN-4,2008-061A,2026-09-12T19:07:46.850592,14.83338778,.00150361,97.9322,188.6735,140.5897,219.6414,0,U,33446,999,95865,.86965409E-4,.66E-5,0
GOSAT (IBUKI),2009-002A,2026-09-12T21:19:58.295424,14.67534730,.0001597,98.0956,5.8995,96.5749,263.5637,0,U,33492,999,94432,.83683671E-4,.426E-5,0
DEIMOS-1,2009-041A,2026-09-12T22:51:05.119776,14.75313919,.00002383,97.7515,49.4398,59.5597,300.5636,0,U,35681,999,91982,.91214775E-4,.57E-5,0
DUBAISAT-1,2009-041B,2026-09-12T22:15:44.133696,14.75247999,.00111408,98.0174,28.2901,143.6230,216.5739,0,U,35682,999,91803,.10235568E-3,.642E-5,0
OCEANSAT-2,2009-051A,2026-09-12T21:54:06.257088,13.99667465,.00156175,98.2417,234.0376,350.6427,9.4446,0,U,35931,999,89160,-.87123931E-4,-.165E-5,0
WORLDVIEW-2 (WV-2),2009-055A,2026-09-12T21:52:01.374528,14.37919649,.0003645,98.4725,328.1560,335.2529,24.8483,0,U,35946,999,88825,.39381523E-4,.75E-6,0
SMOS,2009-059A,2026-09-12T18:07:17.940864,14.39764320,.00013647,98.4436,81.8174,81.1671,278.9672,0,U,36036,999,88605,.74501746E-4,.19E-5,0
YAOGAN-7,2009-069A,2026-09-12T16:33:29.951136,14.78076652,.00257668,97.9922,140.9566,115.4544,244.9337,0,U,36110,999,90255,.48434498E-4,.299E-5,0
TANDEM-X,2010-030A,2026-09-12T11:12:48.710016,15.19150426,.00016443,97.4470,261.9371,90.7934,269.3488,0,U,36605,999,89989,.8610932E-5,.114E-5,0
CARTOSAT-2B,2010-035A,2026-09-12T21:43:45.249312,14.78622185,.00100078,97.9876,305.8547,268.7835,91.2230,0,U,36795,999,87281,.61506493E-4,.398E-5,0
YAOGAN-10,2010-038A,2026-09-12T23:47:20.734080,14.85574818,.00015518,97.8952,278.6975,89.1675,356.4568,0,U,36834,999,87024,.1658672E-3,.138E-4,0
COSMO-SKYMED 4,2010-060A,2026-09-12T22:29:54.296736,14.82152083,.00013806,97.8905,78.2858,83.5082,276.6289,0,U,37216,999,85756,.72562451E-4,.525E-5,0
RESOURCESAT-2,2011-015A,2026-09-12T22:14:24.911808,14.21609256,.00112862,98.7565,322.7263,10.5258,349.6153,0,U,37387,999,79864,.4447296E-4,.53E-6,0
HAIYANG-2A,2011-043A,2026-09-13T00:08:21.094080,13.71463929,.00035962,99.3444,256.5277,126.6866,233.4613,0,U,37781,999,75870,-.52003576E-4,-.9E-6,0
RASAT,2011-044D,2026-09-12T23:12:05.816736,14.68233254,.0019125,98.0570,346.0190,274.7649,201.5029,0,U,37791,999,80606,-.13716342E-4,-.129E-5,0
SRMSAT,2011-058D,2026-09-12T16:22:22.512864,14.11591944,.00119825,19.9711,249.8734,86.8018,70.1276,0,U,37841,999,77019,.52563001E-4,.362E-5,0
PLEIADES 1A,2011-076F,2026-09-12T22:58:16.535712,14.58571375,.0001181,98.1920,329.8511,101.4610,72.4517,0,U,38012,999,78478,.24192554E-4,.67E-6,0
ZIYUAN 1-02C (ZY 1-02C),2011-079A,2026-09-12T22:48:06.289920,14.38271622,.00074233,98.4000,321.3920,52.0500,53.1401,0,U,38038,999,77182,.73061245E-4,.179E-5,0
ARIRANG-3 (KOMPSAT-3),2012-025B,2026-09-12T23:08:05.430336,14.62270076,.00049738,98.1267,211.9512,185.2406,174.8745,0,U,38338,999,76417,.61756371E-4,.265E-5,0
EXACTVIEW-1 (ADS-1B),2012-039C,2026-09-12T20:51:38.666592,14.25005361,.00098248,98.9870,15.2790,279.7442,80.2626,0,U,38709,999,73519,.43843751E-4,.56E-6,0
SPOT 6,2012-047A,2026-09-12T22:33:13.411584,14.58561547,.00016568,98.2049,322.1849,88.3766,271.7623,0,U,38755,999,74584,.26195638E-4,.76E-6,0
PLEIADES 1B,2012-068A,2026-09-12T23:00:07.596000,14.58564135,.00012732,98.1891,329.7696,100.1211,260.0132,0,U,39019,999,73364,.22504812E-4,.59E-6,0
GOKTURK 2,2012-073A,2026-09-12T23:08:34.700064,14.75610937,.00021436,97.6784,88.9934,74.8004,285.3443,0,U,39030,999,73745,.27772159E-4,.142E-5,0
LANDSAT 8,2013-008A,2026-09-12T22:07:56.858304,14.57098520,.00013264,98.2225,324.9798,95.1169,265.0181,0,U,39084,999,71067,.57637349E-4,.214E-5,0
SARAL,2013-009A,2026-09-12T22:55:54.870816,14.32906908,.00026575,98.5566,81.4257,52.0128,308.1296,0,U,39086,999,70817,.26035945E-4,.27E-6,0
GAOFEN-1,2013-018A,2026-09-12T22:58:40.980000,14.76534914,.00168493,97.9031,326.2059,348.3495,11.7323,0,U,39150,999,72119,.3600104E-4,.201E-5,0
VNREDSAT 1,2013-021B,2026-09-12T22:25:40.571040,14.64742770,.00012952,97.9003,305.9366,79.7144,280.4205,0,U,39160,999,71313,.62086419E-4,.286E-5,0
ARIRANG-5 (KOMPSAT-5),2013-042A,2026-09-12T22:58:16.438944,15.04542645,.00032164,97.6205,81.4371,164.2288,195.9038,0,U,39227,999,71705,.20445403E-4,.226E-5,0
SKYSAT-A,2013-066C,2026-09-12T21:02:02.357952,15.13391608,.0021503,97.3731,302.4635,15.3678,344.8202,0,U,39418,999,70174,.13542505E-3,.2365E-4,0
DUBAISAT-2,2013-066D,2026-09-12T23:31:38.529120,15.10716618,.00126913,97.4648,243.8978,90.7055,269.5629,0,U,39419,999,69964,.21582259E-3,.3519E-4,0
GPM-CORE,2014-009C,2026-09-12T22:10:00.850080,15.44899930,.00111959,64.9726,14.1321,260.1180,99.8697,0,U,39574,999,71136,.19634148E-3,.9051E-4,0
SENTINEL-1A,2014-016A,2026-09-12T23:44:06.781632,14.59804385,.00014465,98.1586,262.1493,84.2696,275.8669,0,U,39634,999,66282,.26425167E-4,.8E-6,0
KAZEOSAT 1,2014-024A,2026-09-12T22:24:29.146752,14.42062827,.00014454,98.3143,326.1628,92.4355,267.7001,0,U,39731,999,65120,.2761044E-4,.48E-6,0
ALOS-2,2014-029A,2026-09-12T22:14:19.188672,14.79468783,.00015097,97.9233,351.8343,93.5770,266.5614,0,U,39766,999,66455,.10644979E-3,.744E-5,0
KAZEOSAT 2,2014-033A,2026-09-12T20:43:00.746976,14.85557594,.00096867,97.5363,90.8366,37.7909,322.3986,0,U,40010,999,66197,.46226444E-4,.35E-5,0
HODOYOSHI-4,2014-033B,2026-09-12T23:29:22.289280,14.88304274,.00241468,97.5474,76.5945,17.8624,342.3437,0,U,40011,999,66186,.67058773E-4,.571E-5,0
DEIMOS-2,2014-033D,2026-09-12T22:21:44.572032,14.93920487,.00022745,97.5681,127.2855,67.4738,292.6723,0,U,40013,999,65082,.1476345E-3,.1516E-4,0
HODOYOSHI-3,2014-033F,2026-09-12T22:55:53.137632,14.85554361,.00340921,97.6527,55.5288,66.5955,293.8840,0,U,40015,999,66065,.10123821E-3,.831E-5,0
SPOT 7,2014-034A,2026-09-12T21:56:14.503200,14.61019297,.00012564,98.0550,316.1094,78.0936,282.0406,0,U,40053,999,64994,.57082705E-4,.235E-5,0
SKYSAT-B,2014-037D,2026-09-12T20:56:32.829216,14.88212582,.0005675,98.3940,219.8913,8.1150,352.0156,0,U,40072,999,65900,.11012453E-3,.954E-5,0
WORLDVIEW-3 (WV-3),2014-048A,2026-09-12T23:02:49.900128,14.85137996,.00024205,97.8497,329.5545,59.8544,300.2910,0,U,40115,999,65493,.66239286E-4,.513E-5,0
GAOFEN-2,2014-049A,2026-09-12T22:39:04.503168,14.80996749,.00063442,98.0034,320.0324,318.5281,41.5449,0,U,40118,999,65222,.87001204E-4,.621E-5,0
YAOGAN-21,2014-053A,2026-09-12T23:28:42.489120,15.27348238,.00091007,97.1401,292.4748,132.0298,228.1718,0,U,40143,999,66835,.14398298E-3,.379E-4,0
YAOGAN-22,2014-063A,2026-09-12T22:45:48.817152,13.15533189,.00062352,100.7861,48.7329,358.2874,1.8215,0,U,40275,999,57135,-.20702131E-4,-.55E-6,0
ASNARO,2014-070A,2026-09-12T22:28:25.145760,15.19664822,.00039999,97.3390,329.6572,192.0881,168.0259,0,U,40298,999,65733,.23233919E-3,.489E-4,0
YAOGAN-24,2014-072A,2026-09-12T22:20:51.244224,14.76178453,.0014252,98.1614,34.0623,349.1207,10.9692,0,U,40310,999,63666,.14228744E-4,.45E-6,0
CBERS 4,2014-079A,2026-09-12T22:20:23.242848,14.35517826,.00019505,98.3451,309.9719,98.6052,261.5355,0,U,40336,999,61654,.704146E-5,-.22E-6,0
YAOGAN-26,2014-088A,2026-09-12T23:44:04.164576,15.50666429,.00058522,97.0691,254.3714,86.3648,273.8274,0,U,40362,999,65129,.32550055E-3,.18614E-3,0
SMAP,2015-003A,2026-09-12T22:38:21.089760,14.63369364,.00014455,98.1315,261.8093,91.4150,268.7218,0,U,40376,999,62045,.57266327E-4,.249E-5,0
KOMPSAT-3A,2015-014A,2026-09-12T22:38:45.502080,15.58451613,.00488522,97.6927,254.0613,212.2806,147.5458,0,U,40536,999,63546,.24883696E-3,.19952E-3,0
SENTINEL-2A,2015-028A,2026-09-12T23:26:44.553120,14.30819914,.00011976,98.5628,329.5528,83.5864,276.5455,0,U,40697,999,58628,.65686E-6,-.42E-6,0
GAOFEN-8,2015-030A,2026-09-12T20:05:42.726912,15.48901684,.00069263,97.6847,94.6606,232.4494,127.6128,0,U,40701,999,62500,.32551657E-3,.17484E-3,0
CARBONITE 1 (CBNT-1),2015-032D,2026-09-12T22:07:57.102816,14.83818897,.00148193,97.6556,70.3615,12.3091,347.8483,0,U,40718,999,60235,.17720302E-3,.142E-4,0
YAOGAN-27,2015-040A,2026-09-12T23:37:37.113312,13.16075273,.00085737,100.1257,238.5906,16.8026,343.3371,0,U,40878,999,52921,.25017654E-3,.53E-6,0
GAOFEN-9 01,2015-047A,2026-09-12T23:33:26.000352,14.83017701,.00264808,97.6224,287.6692,209.0777,150.8965,0,U,40894,999,59320,.73024716E-4,.546E-5,0
YAOGAN-28,2015-064A,2026-09-12T22:46:16.773600,15.28411196,.00091258,97.3201,32.5492,235.1167,124.9216,0,U,41026,999,60408,.20021685E-3,.547E-4,0
YAOGAN-29,2015-069A,2026-09-13T00:27:59.293728,14.83141148,.00029051,97.9990,284.7750,90.9126,269.2420,0,U,41038,999,58364,-.20914912E-4,-.225E-5,0
KENT RIDGE 1,2015-077B,2026-09-12T07:28:58.123776,15.23580049,.00081237,14.9805,337.8170,29.5153,330.5627,0,U,41167,999,59440,.9436726E-4,.3091E-4,0
GAOFEN-4,2015-083A,2026-09-12T22:57:38.835936,1.00271387,.00036378,0.5785,83.3606,139.4875,219.2338,0,U,41194,999,3940,0,-.347E-5,0
JASON-3,2016-002A,2026-09-12T22:12:06.429888,12.87627419,.00085701,66.0417,301.3762,267.0812,92.9226,0,U,41240,999,49854,.11299099E-3,-.34E-6,0
SENTINEL-3A,2016-011A,2026-09-12T22:46:34.472640,14.26734427,.00010927,98.6287,322.0596,106.0521,254.0780,0,U,41335,999,55057,.59092979E-4,.99E-6,0
ZIYUAN 3-02 (ZY 3-02),2016-033A,2026-09-12T22:23:26.803968,15.21252011,.00128302,97.3771,329.9869,359.5413,0.5809,0,U,41556,999,57132,.16205568E-3,.3558E-4,0
CARTOSAT-2C,2016-040A,2026-09-12T22:09:34.443648,15.19249747,.00089109,97.4397,314.6504,178.8462,181.2794,0,U,41599,999,56703,.54135727E-4,.1074E-4,0
SKYSAT-C1,2016-040C,2026-09-12T14:07:30.989568,15.37577674,.00042414,96.9513,282.6249,79.1695,281.0028,0,U,41601,999,57129,.17941876E-3,.6541E-4,0
LAPAN-A3,2016-040E,2026-09-12T23:08:38.906880,15.33585639,.00119361,97.1562,249.2898,65.2665,294.9819,0,U,41603,999,56826,.90012382E-4,.2852E-4,0
GAOFEN-3,2016-049A,2026-09-12T23:39:19.004832,14.42224927,.00008852,98.4044,262.4604,76.2678,283.8610,0,U,41727,999,53130,.970234E-5,-.11E-6,0
SKYSAT-C4,2016-058B,2026-09-12T14:56:49.265088,15.51110753,.00004304,96.9155,273.8767,48.8613,311.2678,0,U,41771,999,55901,.23584145E-3,.13662E-3,0
SKYSAT-C5,2016-058C,2026-09-12T15:15:02.520576,15.34174966,.00016672,97.0399,292.2941,24.9155,335.2169,0,U,41772,999,55715,.16121382E-3,.5258E-4,0
SKYSAT-C2,2016-058D,2026-09-12T14:46:10.710336,15.43829410,.00050753,97.0145,274.5182,92.1886,267.9944,0,U,41773,999,55853,.20474381E-3,.92E-4,0
SKYSAT-C3,2016-058E,2026-09-12T15:14:14.818272,15.56094962,.00020799,96.8950,283.3071,73.2869,286.8616,0,U,41774,999,55969,.29191811E-3,.203E-3,0
ALSAT-1B,2016-059C,2026-09-12T23:29:52.669248,14.72329955,.00082211,97.7785,260.9705,311.6246,48.4257,0,U,41785,999,53349,.15832974E-4,.53E-6,0
PATHFINDER 1,2016-059E,2026-09-12T22:41:09.713184,14.67753970,.0026989,97.8228,251.2894,287.5317,72.2940,0,U,41787,999,53258,.77392934E-4,.396E-5,0
SCATSAT 1,2016-059H,2026-09-12T22:10:38.632800,14.79700452,.00535967,98.1109,320.5642,326.3900,33.3915,0,U,41790,999,11456,.98067167E-4,.696E-5,0
GOKTURK 1A,2016-073A,2026-09-12T22:32:48.539616,14.62748356,.00015722,98.1546,149.3420,78.2322,281.9056,0,U,41875,999,52165,.60584981E-4,.262E-5,0
RESOURCESAT-2A,2016-074A,2026-09-12T23:28:49.602432,14.21611834,.00023521,98.7469,328.7353,156.9739,203.1544,0,U,41877,999,50677,.35184619E-4,.33E-6,0
CARTOSAT-2D,2017-008A,2026-09-12T22:53:54.621024,15.19310329,.00034333,97.4025,313.5767,306.5855,53.5063,0,U,41948,999,53090,.11050319E-3,.2265E-4,0
SENTINEL-2B,2017-013A,2026-09-12T23:16:23.843424,14.30813191,.00012244,98.5728,329.4783,86.6127,273.5196,0,U,42063,999,49719,.1391088E-4,-.7E-7,0
CARTOSAT-2E,2017-036C,2026-09-12T21:45:30.273696,15.19259069,.00036347,97.4189,314.2188,27.3603,332.7823,0,U,42767,999,51146,.80710585E-4,.1634E-4,0
FORMOSAT-5,2017-049A,2026-09-12T21:53:13.807968,14.50907325,.00117291,98.2190,329.2440,167.5583,192.5904,0,U,42920,999,47939,.31828259E-4,.82E-6,0
SENTINEL-5P,2017-064A,2026-09-12T16:11:26.518272,14.19531183,.00011776,98.7975,197.2005,76.7884,283.3424,0,U,42969,999,46197,.32191132E-4,.24E-6,0
SKYSAT-C11,2017-068A,2026-09-12T22:15:35.027136,15.62549417,.00009771,97.4456,48.9415,65.3705,294.7655,0,U,42987,999,49692,.33239602E-3,.2955E-3,0
SKYSAT-C10,2017-068B,2026-09-12T22:49:10.746048,15.36032985,.00014025,97.4628,33.8077,85.9405,274.1999,0,U,42988,999,49582,.21855391E-3,.7586E-4,0
SKYSAT-C9,2017-068C,2026-09-12T22:38:45.022560,15.43487756,.00080962,97.4547,35.6090,170.6232,189.5169,0,U,42989,999,49628,.25479401E-3,.1134E-3,0
SKYSAT-C8,2017-068D,2026-09-12T21:58:11.366976,15.38507551,.00015559,97.4645,33.9149,90.8358,269.3065,0,U,42990,999,49579,.22415325E-3,.8434E-4,0
SKYSAT-C7,2017-068E,2026-09-12T21:53:23.899488,15.38454746,.00063899,97.4658,34.9074,142.2032,217.9662,0,U,42991,999,49585,.23029479E-3,.8657E-4,0
SKYSAT-C6,2017-068F,2026-09-12T20:59:09.068064,15.34055910,.00016205,97.4698,34.4055,143.6545,216.4808,0,U,42992,999,49576,.21306668E-3,.694E-4,0
CARTOSAT-2F,2018-004A,2026-09-12T22:34:00.672384,15.19261740,.00009681,97.4705,314.6738,25.2025,334.9257,0,U,43111,999,48065,.51647061E-4,.1021E-4,0
GAOFEN-1 02,2018-031A,2026-09-12T22:13:36.260832,14.76476970,.00042404,98.0450,318.1678,88.6555,271.5140,0,U,43259,999,45564,.13202479E-4,.4E-6,0
GAOFEN-1 03,2018-031B,2026-09-12T23:19:30.588384,14.76445587,.00037241,98.0434,318.0615,129.5640,230.5899,0,U,43260,999,45564,.69604173E-4,.433E-5,0
GAOFEN-1 04,2018-031D,2026-09-12T22:44:31.694784,14.76475446,.00022002,98.0452,318.2400,105.6619,254.4834,0,U,43262,999,45563,.95961506E-4,.616E-5,0
SENTINEL-3B,2018-039A,2026-09-12T22:07:53.562144,14.26736895,.00014138,98.6284,322.1827,78.7525,281.3814,0,U,43437,999,43663,.43770991E-4,.62E-6,0
GAOFEN-5 01,2018-043A,2026-09-12T22:51:10.859328,14.60655891,.00023129,98.4683,229.4308,135.4797,224.6589,0,U,43461,999,44450,.5301323E-4,.209E-5,0
GAOFEN-6,2018-048A,2026-09-12T23:19:34.673376,14.76438106,.00093352,98.0892,318.7909,246.3245,113.6985,0,U,43484,999,44634,.52094015E-4,.31E-5,0
GAOFEN-11 01,2018-063A,2026-09-12T22:17:44.692800,15.57664162,.00040079,97.1202,322.6628,32.1234,328.0265,0,U,43585,999,45399,.17076217E-3,.12536E-3,0
ICESAT-2,2018-070A,2026-09-12T23:05:56.833440,15.28239200,.00055819,92.0032,314.6887,112.8790,247.3049,0,U,43613,999,44586,.24388905E-3,.6711E-4,0
HYSIS,2018-096A,2026-09-12T23:31:13.169856,14.78648879,.00011441,97.9769,322.0015,108.6133,251.5203,0,U,43719,999,42039,.73383904E-4,.486E-5,0
KAZSTSAT,2018-099AB,2026-09-12T14:54:55.090080,15.00020132,.00132082,97.4213,283.5762,113.8480,246.4130,0,U,43783,999,42441,.90062881E-4,.1066E-4,0
SAUDISAT 5A,2018-102A,2026-09-12T22:58:48.242784,15.28810425,.000959,97.2977,315.8502,172.4894,187.6491,0,U,43831,999,42908,.14347814E-3,.3948E-4,0
SAUDISAT 5B,2018-102C,2026-09-12T23:06:23.958720,15.29027922,.00102304,97.3090,319.0841,175.3260,184.8078,0,U,43833,999,42920,.1362837E-3,.3772E-4,0
GAOFEN-10R,2019-066A,2026-09-12T22:18:27.103104,14.83162261,.00049291,98.0588,210.1878,196.4421,163.6633,0,U,44622,999,37538,.10589325E-3,.809E-5,0
CARTOSAT-3,2019-081A,2026-09-12T22:52:50.978784,15.19201896,.001081,97.4223,316.3642,201.4981,158.5801,0,U,44804,999,37679,.78860019E-4,.1593E-4,0
GAOFEN-12 01,2019-082A,2026-09-13T00:14:02.533056,14.80517101,.00024407,97.8147,260.0917,97.4662,262.6828,0,U,44819,999,36708,.37874763E-4,.239E-5,0
CSG-1,2019-092A,2026-09-12T22:48:09.414144,14.82156404,.00014089,97.8917,78.3035,86.1489,273.9885,0,U,44873,999,36447,.38479902E-4,.254E-5,0
NEMO-HD,2020-061F,2026-09-12T22:20:48.960672,15.46171518,.00026306,97.1828,317.0528,89.1756,270.9795,0,U,46277,999,33553,.16747833E-3,.813E-4,0
SENTINEL-6A,2020-086A,2026-09-12T16:28:49.396512,12.80929282,.00078955,66.0425,313.3159,268.9745,91.0365,0,U,46984,999,27153,.11971399E-3,-.33E-6,0
CAS500-1,2021-022A,2026-09-12T22:32:02.618016,15.20187959,.00049389,97.3766,149.3516,1.5708,358.5542,0,U,47932,999,30409,.2099279E-3,.448E-4,0
GAOFEN-12 02,2021-026A,2026-09-12T23:06:13.094784,14.80353451,.00038743,97.9994,253.8154,325.8681,34.2282,0,U,48079,999,29474,.3873325E-4,.243E-5,0
PLEIADES NEO 3,2021-034A,2026-09-12T23:28:04.128384,14.81674206,.00015089,97.8957,329.4824,86.0873,274.0512,0,U,48268,999,29065,.8158246E-4,.59E-5,0
PLEIADES NEO 4,2021-073E,2026-09-12T22:39:25.767072,14.81671558,.00015088,97.8954,329.4452,86.7895,273.3490,0,U,49070,999,27436,-.26734232E-4,-.262E-5,0
LANDSAT 9,2021-088A,2026-09-12T22:57:30.278880,14.57110134,.00014887,98.2205,325.0363,100.3103,259.8264,0,U,49260,999,26378,.58033332E-4,.216E-5,0
CSG-2,2022-008A,2026-09-12T23:36:43.580736,14.82149884,.00013834,97.8906,78.3283,81.7678,278.3692,0,U,51444,999,24959,-.15629572E-4,-.177E-5,0
GAOFEN-12 03,2022-069A,2026-09-12T22:31:58.711008,14.80150434,.00009367,97.8137,141.5410,109.7675,250.3639,0,U,52912,999,22759,.99245176E-4,.703E-5,0
SWOT,2022-173A,2026-09-12T21:02:49.380288,14.00171313,.00001941,77.6077,276.9356,196.5900,163.5245,0,U,54754,999,19142,.59305048E-4,.85E-6,0
GAOFEN-12 04,2023-123A,2026-09-12T23:17:16.569024,14.79862372,.00023283,97.9066,172.6487,158.6011,201.5299,0,U,57654,999,16561,.90475209E-4,.631E-5,0
PARS 1,2024-039Q,2026-09-12T23:37:40.770624,15.47380441,.00101063,97.4917,239.8274,145.2401,214.9511,0,U,59065,999,14221,.18153154E-3,.9207E-4,0
RESURS-P 4,2024-061A,2026-09-12T23:06:20.956320,15.32570199,.00011294,97.2822,202.3885,128.0328,232.1016,0,U,59371,999,13720,.79274672E-4,.2417E-4,0
LEGION 1,2024-081A,2026-09-12T21:26:53.497536,15.17183476,.00106692,97.4959,332.8159,68.1307,292.1060,0,U,59625,999,13083,.14360467E-3,.2788E-4,0
LEGION 2,2024-081B,2026-09-12T22:11:36.374784,15.17167167,.00121949,97.4960,332.9420,38.4258,321.7841,0,U,59626,999,13084,.12643082E-3,.2446E-4,0
ALOS-4 (DAICHI-4),2024-123A,2026-09-12T22:42:10.408320,14.79469518,.00015012,97.9221,351.8585,99.2849,260.8533,0,U,60182,999,11885,.1365713E-3,.969E-5,0
LEGION 3,2024-146A,2026-09-12T21:52:38.542944,15.16016965,.00083837,45.0010,280.2185,317.5854,42.4376,0,U,60452,999,11533,.12750344E-3,.2228E-4,0
LEGION 4,2024-146B,2026-09-12T18:41:23.834112,15.16035991,.00085835,45.0028,12.7870,86.1286,274.0574,0,U,60453,999,11416,.15844502E-3,.2835E-4,0
SENTINEL-2C,2024-157A,2026-09-12T22:26:03.755616,14.30813110,.00014213,98.5728,329.4479,90.1220,270.0126,0,U,60989,999,10553,.43472885E-4,.7E-6,0
IONOSFERA-M 1,2024-199A,2026-09-12T21:21:17.442144,14.22767959,.00003233,98.7021,128.0794,147.5731,212.5467,0,U,61735,999,14017,.32173574E-4,.28E-6,0
IONOSFERA-M 2,2024-199B,2026-09-12T22:10:23.696832,14.22771205,.00019805,98.7020,128.0230,77.0873,283.0526,0,U,61736,999,14330,.33709583E-4,.32E-6,0
PRSC-EO1,2025-012A,2026-09-12T22:46:17.012064,15.17598607,.00043677,97.4155,326.6532,343.5146,16.5945,0,U,62725,999,9150,.25584039E-3,.5077E-4,0
BIOMASS,2025-090A,2026-09-11T23:18:30.453120,14.66985693,.00012369,98.0764,81.0388,89.5948,270.5398,0,U,63772,999,7341,.12727804E-3,.665E-5,0
GOSAT-GW (IBUKI GW),2025-141A,2026-09-12T22:33:10.302048,14.67552713,.00014122,98.0597,191.8366,84.5522,275.5844,0,U,64694,999,6471,.72210527E-4,.362E-5,0
IONOSFERA-M 3,2025-155A,2026-09-12T22:47:40.602336,14.21498986,.00012741,98.6134,215.6839,19.1543,340.9683,0,U,64876,999,5887,.26795722E-4,.16E-6,0
IONOSFERA-M 4,2025-155B,2026-09-12T21:56:16.217376,14.21501573,.00009038,98.6126,215.5656,47.8365,312.2889,0,U,64877,999,5886,.29401839E-4,.21E-6,0
MICROCARB,2025-156A,2026-09-12T04:15:24.975360,14.72844623,.00174219,98.0106,331.0325,350.9364,9.1527,0,U,64899,999,6077,.60329223E-4,.336E-5,0
CO3D 3,2025-156B,2026-09-12T15:59:12.326496,15.20205419,.0001035,97.4343,333.1018,118.6331,241.5008,0,U,64900,999,6282,.14148926E-3,.2997E-4,0
CO3D 4,2025-156C,2026-09-12T22:18:34.068672,15.20205164,.00017128,97.4343,333.3614,42.0268,318.1099,0,U,64901,999,6286,.13080119E-3,.2765E-4,0
CO3D 2,2025-156D,2026-09-12T12:01:50.414016,15.20204930,.00014655,97.4343,332.8380,103.2772,256.8627,0,U,64902,999,6279,.67595447E-4,.1396E-4,0
CO3D 1,2025-156E,2026-09-12T23:05:32.972352,15.20209425,.00012681,97.4343,333.2924,99.3507,260.7872,0,U,64903,999,6286,.13369518E-3,.2828E-4,0
PRSC-S1,2025-164A,2026-09-12T22:58:49.812672,15.07046123,.00078621,41.1299,153.2571,237.7030,122.3023,0,U,65055,999,6167,.23838827E-3,.3461E-4,0
SENTINEL-6B,2025-264A,2026-09-12T12:44:28.048416,12.80929095,.00078561,66.0425,313.7656,267.8118,92.1998,0,U,66514,999,3835,.11349935E-3,-.35E-6,0
CAS500-3,2025-274F,2026-09-12T16:22:17.327136,14.88319582,.00033327,97.7424,181.7287,324.1441,35.9552,0,U,66655,999,4316,.10235617E-3,.893E-5,0
CSG-3,2026-001A,2026-09-12T18:14:44.217600,14.82153115,.00013658,97.8916,78.1151,87.3358,272.8011,0,U,67304,999,3743,.32143107E-4,.204E-5,0
PRSC-E03,2026-092A,2026-09-12T14:15:31.911840,15.07042486,.00042294,38.0015,294.1039,340.9961,19.0643,0,U,68835,999,2114,.12163034E-3,.1748E-4,0
CAS500-2,2026-100AK,2026-09-12T16:23:19.053888,15.20227206,.00112164,97.3760,151.7505,73.0553,287.1911,0,U,69013,999,2010,.19863523E-3,.4245E-4,0
